student_id,total_books_borrowed,avg_borrowing_duration,max_borrowing_duration,topic_diversity,student_category,books_Analyse / calcul,books_Mathématiques générales,books_Méthodes numériques / calcul scientifique,books_Algèbre,books_Inconnu,books_Programmation / logiciels,books_Informatique générale,books_Probabilités et statistiques appliquées,books_Principes généraux des maths,books_Génie / ingénierie,books_Christianisme / religion,books_Intelligence artificielle / traitement automatique,books_Gestion / management,books_Maladies / pathologie,books_Médecine / santé,books_Sciences de la vie / biologie,books_Techniques d’écriture / composition,books_Anatomie,books_Commerce / communication,books_Administration publique,books_Psychologie,books_Appareils de précision / informatique appliquée,cluster
5817912,3,15.0,15,2,1 ére ANNEE,1,0,0,2,0,0,0,0,0,0,0,0,0,0,0,0,0,0,0,0,0,0,2
5754033,3,17.0,17,3,1 ére ANNEE,0,1,0,1,0,1,0,0,0,0,0,0,0,0,0,0,0,0,0,0,0,0,1
5113394,2,15.0,15,2,1 ére ANNEE,0,1,0,1,0,0,0,0,0,0,0,0,0,0,0,0,0,0,0,0,0,0,2
6092419,2,15.0,15,2,1 ére ANNEE,0,1,0,1,0,0,0,0,0,0,0,0,0,0,0,0,0,0,0,0,0,0,2
8354464,2,7.0,7,2,3 ème ANNEE,1,0,1,0,0,0,0,0,0,0,0,0,0,0,0,0,0,0,0,0,0,0,1
6747275,1,7.0,7,1,3 ème ANNEE,0,1,0,0,0,0,0,0,0,0,0,0,0,0,0,0,0,0,0,0,0,0,0
33,3,16.0,16,2,Enseignant,1,2,0,0,0,0,0,0,0,0,0,0,0,0,0,0,0,0,0,0,0,0,1
6243736,3,15.0,15,2,1 ére ANNEE,0,1,0,2,0,0,0,0,0,0,0,0,0,0,0,0,0,0,0,0,0,0,2
5868325,3,15.0,15,3,1 ére ANNEE,1,1,0,1,0,0,0,0,0,0,0,0,0,0,0,0,0,0,0,0,0,0,1
3825689,2,11.0,11,2,2 éme ANNEE,0,1,0,0,0,0,1,0,0,0,0,0,0,0,0,0,0,0,0,0,0,0,1
6195856,1,15.0,15,1,1 ére ANNEE,0,1,0,0,0,0,0,0,0,0,0,0,0,0,0,0,0,0,0,0,0,0,0
4846540,2,17.0,17,2,1 ére ANNEE,0,1,0,1,0,0,0,0,0,0,0,0,0,0,0,0,0,0,0,0,0,0,2
6002367,1,15.0,15,1,1 ére ANNEE,0,1,0,0,0,0,0,0,0,0,0,0,0,0,0,0,0,0,0,0,0,0,0
11785637,1,7.0,7,1,3 ème ANNEE,0,0,0,1,0,0,0,0,0,0,0,0,0,0,0,0,0,0,0,0,0,0,2
6499597,2,16.0,17,1,1 ére ANNEE,0,0,0,2,0,0,0,0,0,0,0,0,0,0,0,0,0,0,0,0,0,0,2
5262108,2,15.0,15,2,1 ére ANNEE,0,0,0,1,1,0,0,0,0,0,0,0,0,0,0,0,0,0,0,0,0,0,2
3753569,2,15.0,15,2,2 éme ANNEE,1,0,0,0,0,1,0,0,0,0,0,0,0,0,0,0,0,0,0,0,0,0,1
3984959,2,11.0,11,2,2 éme ANNEE,0,0,0,1,0,1,0,0,0,0,0,0,0,0,0,0,0,0,0,0,0,0,1
3802346,2,11.0,11,1,2 éme ANNEE,0,0,0,2,0,0,0,0,0,0,0,0,0,0,0,0,0,0,0,0,0,0,2
5936748,2,15.0,15,2,1 ére ANNEE,0,0,0,1,0,1,0,0,0,0,0,0,0,0,0,0,0,0,0,0,0,0,1
5094669,2,15.0,15,2,1 ére ANNEE,0,0,0,1,0,1,0,0,0,0,0,0,0,0,0,0,0,0,0,0,0,0,1
1138472,2,7.0,7,2,3 ème ANNEE,0,0,0,0,0,1,0,0,0,0,0,0,0,0,0,0,1,0,0,0,0,0,1
7363096,1,10.0,10,1,4 éme ANNEE,0,0,0,0,0,1,0,0,0,0,0,0,0,0,0,0,0,0,0,0,0,0,0
3900804,2,15.0,15,2,2 éme ANNEE,1,0,0,0,0,1,0,0,0,0,0,0,0,0,0,0,0,0,0,0,0,0,1
5900148,2,15.0,15,2,1 ére ANNEE,0,0,0,1,0,1,0,0,0,0,0,0,0,0,0,0,0,0,0,0,0,0,1
5214227,3,15.666666666666666,17,2,1 ére ANNEE,0,0,0,2,0,1,0,0,0,0,0,0,0,0,0,0,0,0,0,0,0,0,1
5896724,2,15.0,15,2,1 ére ANNEE,0,1,0,0,0,1,0,0,0,0,0,0,0,0,0,0,0,0,0,0,0,0,1
4881528,1,15.0,15,1,1 ére ANNEE,1,0,0,0,0,0,0,0,0,0,0,0,0,0,0,0,0,0,0,0,0,0,0
5830343,2,15.0,15,2,1 ére ANNEE,1,0,0,1,0,0,0,0,0,0,0,0,0,0,0,0,0,0,0,0,0,0,2
4840143,3,15.0,15,3,1 ére ANNEE,1,0,1,0,0,1,0,0,0,0,0,0,0,0,0,0,0,0,0,0,0,0,1
3875201,1,10.0,10,1,2 éme ANNEE,0,0,0,0,0,0,1,0,0,0,0,0,0,0,0,0,0,0,0,0,0,0,0
5725866,2,15.0,15,1,1 ére ANNEE,0,0,0,2,0,0,0,0,0,0,0,0,0,0,0,0,0,0,0,0,0,0,2
3789766,3,15.0,15,2,2 éme ANNEE,2,0,0,0,0,0,0,0,0,0,0,0,0,0,0,1,0,0,0,0,0,0,1
4714580,2,15.0,15,2,1 ére ANNEE,0,1,0,0,0,1,0,0,0,0,0,0,0,0,0,0,0,0,0,0,0,0,1
5935766,2,15.0,15,2,1 ére ANNEE,0,0,0,1,0,1,0,0,0,0,0,0,0,0,0,0,0,0,0,0,0,0,1
3786545,2,11.0,11,2,4 éme ANNEE,1,0,0,0,0,0,1,0,0,0,0,0,0,0,0,0,0,0,0,0,0,0,1
3981061,1,15.0,15,1,2 éme ANNEE,0,0,0,0,0,0,1,0,0,0,0,0,0,0,0,0,0,0,0,0,0,0,0
5371721,2,15.0,15,2,1 ére ANNEE,0,0,0,1,0,0,1,0,0,0,0,0,0,0,0,0,0,0,0,0,0,0,2
3902244,1,17.0,17,1,1 ére ANNEE,0,0,0,0,0,0,1,0,0,0,0,0,0,0,0,0,0,0,0,0,0,0,0
5757575,2,17.0,17,2,1 ére ANNEE,0,1,0,1,0,0,0,0,0,0,0,0,0,0,0,0,0,0,0,0,0,0,2
5855182,2,15.0,15,2,1 ére ANNEE,0,1,0,1,0,0,0,0,0,0,0,0,0,0,0,0,0,0,0,0,0,0,2
7770364,1,7.0,7,1,3 ème ANNEE,0,0,0,1,0,0,0,0,0,0,0,0,0,0,0,0,0,0,0,0,0,0,2
3900209,2,10.0,10,2,2 éme ANNEE,1,0,0,0,0,1,0,0,0,0,0,0,0,0,0,0,0,0,0,0,0,0,1
8343576,2,7.0,7,1,3 ème ANNEE,2,0,0,0,0,0,0,0,0,0,0,0,0,0,0,0,0,0,0,0,0,0,0
7582859,2,7.0,7,1,3 ème ANNEE,2,0,0,0,0,0,0,0,0,0,0,0,0,0,0,0,0,0,0,0,0,0,0
3833072,2,7.0,7,1,3 ème ANNEE,2,0,0,0,0,0,0,0,0,0,0,0,0,0,0,0,0,0,0,0,0,0,0
5852331,2,7.0,7,1,3 ème ANNEE,2,0,0,0,0,0,0,0,0,0,0,0,0,0,0,0,0,0,0,0,0,0,0
3884256,1,7.0,7,1,3 ème ANNEE,1,0,0,0,0,0,0,0,0,0,0,0,0,0,0,0,0,0,0,0,0,0,0
3820658,1,7.0,7,1,3 ème ANNEE,1,0,0,0,0,0,0,0,0,0,0,0,0,0,0,0,0,0,0,0,0,0,0
1244929,2,7.0,7,1,3 ème ANNEE,2,0,0,0,0,0,0,0,0,0,0,0,0,0,0,0,0,0,0,0,0,0,0
1308365,1,7.0,7,1,3 ème ANNEE,1,0,0,0,0,0,0,0,0,0,0,0,0,0,0,0,0,0,0,0,0,0,0
3932445,1,7.0,7,1,3 ème ANNEE,1,0,0,0,0,0,0,0,0,0,0,0,0,0,0,0,0,0,0,0,0,0,0
11670901,1,7.0,7,1,3 ème ANNEE,1,0,0,0,0,0,0,0,0,0,0,0,0,0,0,0,0,0,0,0,0,0,0
3937577,2,15.0,15,2,2 éme ANNEE,1,0,0,0,0,0,0,0,0,0,0,1,0,0,0,0,0,0,0,0,0,0,1
3833483,1,17.0,17,1,3 ème ANNEE,1,0,0,0,0,0,0,0,0,0,0,0,0,0,0,0,0,0,0,0,0,0,0
1322891,1,15.0,15,1,2 éme ANNEE,1,0,0,0,0,0,0,0,0,0,0,0,0,0,0,0,0,0,0,0,0,0,0
3828193,1,15.0,15,1,2 éme ANNEE,1,0,0,0,0,0,0,0,0,0,0,0,0,0,0,0,0,0,0,0,0,0,0
3823155,1,17.0,17,1,2 éme ANNEE,1,0,0,0,0,0,0,0,0,0,0,0,0,0,0,0,0,0,0,0,0,0,0
3844029,1,15.0,15,1,2 éme ANNEE,1,0,0,0,0,0,0,0,0,0,0,0,0,0,0,0,0,0,0,0,0,0,0
3779239,1,15.0,15,1,2 éme ANNEE,1,0,0,0,0,0,0,0,0,0,0,0,0,0,0,0,0,0,0,0,0,0,0
5803036,1,15.0,15,1,1 ére ANNEE,0,0,0,1,0,0,0,0,0,0,0,0,0,0,0,0,0,0,0,0,0,0,2
4712505,3,17.0,17,1,1 ére ANNEE,0,0,0,3,0,0,0,0,0,0,0,0,0,0,0,0,0,0,0,0,0,0,2
6487960,3,15.0,15,2,1 ére ANNEE,0,0,1,2,0,0,0,0,0,0,0,0,0,0,0,0,0,0,0,0,0,0,2
4766304,1,15.0,15,1,1 ére ANNEE,0,0,0,1,0,0,0,0,0,0,0,0,0,0,0,0,0,0,0,0,0,0,2
10169209,1,15.0,15,1,2 éme ANNEE,0,0,0,0,0,0,0,1,0,0,0,0,0,0,0,0,0,0,0,0,0,0,0
4042198,3,15.0,15,2,2 éme ANNEE,2,0,0,0,0,0,0,1,0,0,0,0,0,0,0,0,0,0,0,0,0,0,1
3788291,1,15.0,15,1,2 éme ANNEE,0,0,0,0,0,0,0,1,0,0,0,0,0,0,0,0,0,0,0,0,0,0,0
11904505,2,15.0,15,2,2 éme ANNEE,1,0,0,0,0,0,0,1,0,0,0,0,0,0,0,0,0,0,0,0,0,0,1
3843354,2,15.0,15,2,2 éme ANNEE,1,0,0,0,0,0,0,1,0,0,0,0,0,0,0,0,0,0,0,0,0,0,1
3892332,2,15.0,15,2,3 ème ANNEE,1,0,0,0,0,0,0,1,0,0,0,0,0,0,0,0,0,0,0,0,0,0,1
1321034,1,15.0,15,1,2 éme ANNEE,0,0,0,0,0,0,0,1,0,0,0,0,0,0,0,0,0,0,0,0,0,0,0
3796300,1,22.0,22,1,3 ème ANNEE,0,0,0,0,0,0,0,1,0,0,0,0,0,0,0,0,0,0,0,0,0,0,0
3942847,2,18.5,22,2,2 éme ANNEE,1,0,0,0,0,0,0,1,0,0,0,0,0,0,0,0,0,0,0,0,0,0,1
5911829,1,15.0,15,1,2 éme ANNEE,0,0,0,0,0,0,0,1,0,0,0,0,0,0,0,0,0,0,0,0,0,0,0
11700359,1,7.0,7,1,3 ème ANNEE,1,0,0,0,0,0,0,0,0,0,0,0,0,0,0,0,0,0,0,0,0,0,0
12225988,3,15.666666666666666,17,2,1 ére ANNEE,1,0,0,2,0,0,0,0,0,0,0,0,0,0,0,0,0,0,0,0,0,0,2
5026541,2,15.0,15,1,1 ére ANNEE,0,0,0,2,0,0,0,0,0,0,0,0,0,0,0,0,0,0,0,0,0,0,2
3972157,1,11.0,11,1,2 éme ANNEE,0,0,0,1,0,0,0,0,0,0,0,0,0,0,0,0,0,0,0,0,0,0,2
5940111,1,15.0,15,1,1 ére ANNEE,0,0,0,1,0,0,0,0,0,0,0,0,0,0,0,0,0,0,0,0,0,0,2
5953476,2,15.0,15,2,1 ére ANNEE,0,0,0,1,0,0,1,0,0,0,0,0,0,0,0,0,0,0,0,0,0,0,2
9466948,2,15.0,15,2,2 éme ANNEE,1,0,0,0,0,0,0,0,1,0,0,0,0,0,0,0,0,0,0,0,0,0,1
4804168,1,15.0,15,1,1 ére ANNEE,0,0,0,1,0,0,0,0,0,0,0,0,0,0,0,0,0,0,0,0,0,0,2
5969581,1,15.0,15,1,1 ére ANNEE,1,0,0,0,0,0,0,0,0,0,0,0,0,0,0,0,0,0,0,0,0,0,0
5982073,1,30.0,30,1,1 ére ANNEE,0,0,0,1,0,0,0,0,0,0,0,0,0,0,0,0,0,0,0,0,0,0,2
4693121,2,15.0,15,1,1 ére ANNEE,0,0,0,2,0,0,0,0,0,0,0,0,0,0,0,0,0,0,0,0,0,0,2
4969770,1,30.0,30,1,1 ére ANNEE,0,0,0,1,0,0,0,0,0,0,0,0,0,0,0,0,0,0,0,0,0,0,2
5090872,1,15.0,15,1,1 ére ANNEE,0,0,0,1,0,0,0,0,0,0,0,0,0,0,0,0,0,0,0,0,0,0,2
4803960,3,17.0,17,2,1 ére ANNEE,0,1,0,2,0,0,0,0,0,0,0,0,0,0,0,0,0,0,0,0,0,0,2
5936210,1,17.0,17,1,1 ére ANNEE,0,0,0,1,0,0,0,0,0,0,0,0,0,0,0,0,0,0,0,0,0,0,2
4821230,1,15.0,15,1,1 ére ANNEE,0,0,0,1,0,0,0,0,0,0,0,0,0,0,0,0,0,0,0,0,0,0,2
4658170,1,15.0,15,1,1 ére ANNEE,0,0,0,1,0,0,0,0,0,0,0,0,0,0,0,0,0,0,0,0,0,0,2
4702666,1,15.0,15,1,1 ére ANNEE,0,0,0,1,0,0,0,0,0,0,0,0,0,0,0,0,0,0,0,0,0,0,2
4822779,2,15.0,15,1,1 ére ANNEE,0,0,0,2,0,0,0,0,0,0,0,0,0,0,0,0,0,0,0,0,0,0,2
4641390,1,15.0,15,1,1 ére ANNEE,0,0,0,1,0,0,0,0,0,0,0,0,0,0,0,0,0,0,0,0,0,0,2
4797074,2,15.0,15,1,1 ére ANNEE,0,0,0,2,0,0,0,0,0,0,0,0,0,0,0,0,0,0,0,0,0,0,2
5829062,2,15.0,15,2,1 ére ANNEE,0,0,1,1,0,0,0,0,0,0,0,0,0,0,0,0,0,0,0,0,0,0,2
5909883,1,17.0,17,1,1 ére ANNEE,0,0,0,1,0,0,0,0,0,0,0,0,0,0,0,0,0,0,0,0,0,0,2
4884579,2,15.0,15,2,1 ére ANNEE,0,0,0,1,0,0,0,0,0,1,0,0,0,0,0,0,0,0,0,0,0,0,2
4841255,1,15.0,15,1,1 ére ANNEE,0,0,0,1,0,0,0,0,0,0,0,0,0,0,0,0,0,0,0,0,0,0,2
4778689,3,16.333333333333332,17,2,1 ére ANNEE,0,0,0,2,0,1,0,0,0,0,0,0,0,0,0,0,0,0,0,0,0,0,1
4803633,1,15.0,15,1,1 ére ANNEE,0,0,0,1,0,0,0,0,0,0,0,0,0,0,0,0,0,0,0,0,0,0,2
5846417,3,15.0,15,2,1 ére ANNEE,0,1,0,2,0,0,0,0,0,0,0,0,0,0,0,0,0,0,0,0,0,0,2
5725044,1,15.0,15,1,1 ére ANNEE,0,0,0,1,0,0,0,0,0,0,0,0,0,0,0,0,0,0,0,0,0,0,2
4724183,3,17.0,17,2,1 ére ANNEE,0,0,0,2,0,0,0,0,0,1,0,0,0,0,0,0,0,0,0,0,0,0,2
6139597,2,15.0,15,2,1 ére ANNEE,0,0,0,1,0,1,0,0,0,0,0,0,0,0,0,0,0,0,0,0,0,0,1
5879818,2,15.0,15,1,1 ére ANNEE,0,0,0,2,0,0,0,0,0,0,0,0,0,0,0,0,0,0,0,0,0,0,2
3801989,1,10.0,10,1,2 éme ANNEE,0,0,0,1,0,0,0,0,0,0,0,0,0,0,0,0,0,0,0,0,0,0,2
6074927,1,15.0,15,1,1 ére ANNEE,0,0,0,1,0,0,0,0,0,0,0,0,0,0,0,0,0,0,0,0,0,0,2
4681177,1,15.0,15,1,1 ére ANNEE,0,0,0,1,0,0,0,0,0,0,0,0,0,0,0,0,0,0,0,0,0,0,2
5871699,1,15.0,15,1,1 ére ANNEE,0,0,0,1,0,0,0,0,0,0,0,0,0,0,0,0,0,0,0,0,0,0,2
5355534,2,17.0,17,1,1 ére ANNEE,0,0,0,2,0,0,0,0,0,0,0,0,0,0,0,0,0,0,0,0,0,0,2
5729972,1,15.0,15,1,1 ére ANNEE,0,0,0,1,0,0,0,0,0,0,0,0,0,0,0,0,0,0,0,0,0,0,2
5921079,1,15.0,15,1,1 ére ANNEE,0,0,0,1,0,0,0,0,0,0,0,0,0,0,0,0,0,0,0,0,0,0,2
9204067,1,17.0,17,1,1 ére ANNEE,0,0,0,1,0,0,0,0,0,0,0,0,0,0,0,0,0,0,0,0,0,0,2
6543248,2,15.0,15,1,1 ére ANNEE,0,0,0,2,0,0,0,0,0,0,0,0,0,0,0,0,0,0,0,0,0,0,2
5882965,2,17.0,17,2,1 ére ANNEE,0,0,0,1,0,0,0,0,0,0,0,0,0,0,0,0,0,0,0,0,1,0,2
6163837,1,15.0,15,1,1 ére ANNEE,0,0,0,1,0,0,0,0,0,0,0,0,0,0,0,0,0,0,0,0,0,0,2
3849398,2,10.0,10,2,2 éme ANNEE,0,1,0,1,0,0,0,0,0,0,0,0,0,0,0,0,0,0,0,0,0,0,2
5646637,2,15.0,15,1,1 ére ANNEE,0,0,0,2,0,0,0,0,0,0,0,0,0,0,0,0,0,0,0,0,0,0,2
4914265,1,15.0,15,1,1 ére ANNEE,0,0,0,1,0,0,0,0,0,0,0,0,0,0,0,0,0,0,0,0,0,0,2
5758184,2,15.0,15,1,1 ére ANNEE,0,0,0,2,0,0,0,0,0,0,0,0,0,0,0,0,0,0,0,0,0,0,2
5837848,1,15.0,15,1,1 ére ANNEE,0,0,0,1,0,0,0,0,0,0,0,0,0,0,0,0,0,0,0,0,0,0,2
6017589,1,15.0,15,1,1 ére ANNEE,0,0,0,1,0,0,0,0,0,0,0,0,0,0,0,0,0,0,0,0,0,0,2
6538549,1,15.0,15,1,1 ére ANNEE,0,1,0,0,0,0,0,0,0,0,0,0,0,0,0,0,0,0,0,0,0,0,0
4019455,1,15.0,15,1,2 éme ANNEE,0,1,0,0,0,0,0,0,0,0,0,0,0,0,0,0,0,0,0,0,0,0,0
1353045,1,17.0,17,1,2 éme ANNEE,0,1,0,0,0,0,0,0,0,0,0,0,0,0,0,0,0,0,0,0,0,0,0
4593943,3,15.666666666666666,17,3,1 ére ANNEE,0,1,0,1,1,0,0,0,0,0,0,0,0,0,0,0,0,0,0,0,0,0,1
5849714,1,7.0,7,1,3 ème ANNEE,0,0,0,0,0,0,0,1,0,0,0,0,0,0,0,0,0,0,0,0,0,0,0
4546256,1,7.0,7,1,3 ème ANNEE,0,0,0,0,0,0,0,1,0,0,0,0,0,0,0,0,0,0,0,0,0,0,0
5822661,2,15.0,15,1,1 ére ANNEE,0,0,0,2,0,0,0,0,0,0,0,0,0,0,0,0,0,0,0,0,0,0,2
4844275,3,15.666666666666666,17,1,1 ére ANNEE,0,0,0,3,0,0,0,0,0,0,0,0,0,0,0,0,0,0,0,0,0,0,2
5997750,1,15.0,15,1,1 ére ANNEE,0,0,0,1,0,0,0,0,0,0,0,0,0,0,0,0,0,0,0,0,0,0,2
5689795,2,15.0,15,2,1 ére ANNEE,0,0,0,1,0,1,0,0,0,0,0,0,0,0,0,0,0,0,0,0,0,0,1
5528770,2,15.0,15,1,1 ére ANNEE,0,0,0,2,0,0,0,0,0,0,0,0,0,0,0,0,0,0,0,0,0,0,2
5918180,2,17.0,17,1,1 ére ANNEE,0,0,0,2,0,0,0,0,0,0,0,0,0,0,0,0,0,0,0,0,0,0,2
3833503,2,10.0,10,1,2 éme ANNEE,2,0,0,0,0,0,0,0,0,0,0,0,0,0,0,0,0,0,0,0,0,0,0
3887590,1,10.0,10,1,2 éme ANNEE,1,0,0,0,0,0,0,0,0,0,0,0,0,0,0,0,0,0,0,0,0,0,0
3868919,1,10.0,10,1,2 éme ANNEE,1,0,0,0,0,0,0,0,0,0,0,0,0,0,0,0,0,0,0,0,0,0,0
3920610,2,15.0,15,2,2 éme ANNEE,0,0,0,0,0,1,0,0,0,0,0,0,0,0,0,1,0,0,0,0,0,0,1
3934228,1,11.0,11,1,2 éme ANNEE,1,0,0,0,0,0,0,0,0,0,0,0,0,0,0,0,0,0,0,0,0,0,0
3761594,1,10.0,10,1,2 éme ANNEE,1,0,0,0,0,0,0,0,0,0,0,0,0,0,0,0,0,0,0,0,0,0,0
3887884,1,15.0,15,1,2 éme ANNEE,1,0,0,0,0,0,0,0,0,0,0,0,0,0,0,0,0,0,0,0,0,0,0
6083124,1,10.0,10,1,2 éme ANNEE,1,0,0,0,0,0,0,0,0,0,0,0,0,0,0,0,0,0,0,0,0,0,0
3981992,2,22.0,22,2,2 éme ANNEE,1,0,0,0,0,0,0,1,0,0,0,0,0,0,0,0,0,0,0,0,0,0,1
3794765,1,17.0,17,1,2 éme ANNEE,1,0,0,0,0,0,0,0,0,0,0,0,0,0,0,0,0,0,0,0,0,0,0
613551,3,15.0,15,3,2 éme ANNEE,1,0,0,0,0,1,0,1,0,0,0,0,0,0,0,0,0,0,0,0,0,0,1
4041997,1,15.0,15,1,2 éme ANNEE,1,0,0,0,0,0,0,0,0,0,0,0,0,0,0,0,0,0,0,0,0,0,0
3697210,1,7.0,7,1,3 ème ANNEE,1,0,0,0,0,0,0,0,0,0,0,0,0,0,0,0,0,0,0,0,0,0,0
8873971,1,7.0,7,1,3 ème ANNEE,1,0,0,0,0,0,0,0,0,0,0,0,0,0,0,0,0,0,0,0,0,0,0
5764496,1,22.0,22,1,2 éme ANNEE,1,0,0,0,0,0,0,0,0,0,0,0,0,0,0,0,0,0,0,0,0,0,0
1497743,1,15.0,15,1,2 éme ANNEE,1,0,0,0,0,0,0,0,0,0,0,0,0,0,0,0,0,0,0,0,0,0,0
1353040,1,15.0,15,1,2 éme ANNEE,1,0,0,0,0,0,0,0,0,0,0,0,0,0,0,0,0,0,0,0,0,0,0
3818108,1,22.0,22,1,2 éme ANNEE,1,0,0,0,0,0,0,0,0,0,0,0,0,0,0,0,0,0,0,0,0,0,0
3846231,1,17.0,17,1,2 éme ANNEE,1,0,0,0,0,0,0,0,0,0,0,0,0,0,0,0,0,0,0,0,0,0,0
3844848,1,17.0,17,1,2 éme ANNEE,1,0,0,0,0,0,0,0,0,0,0,0,0,0,0,0,0,0,0,0,0,0,0
3905925,2,15.0,15,2,2 éme ANNEE,1,0,0,0,0,0,0,1,0,0,0,0,0,0,0,0,0,0,0,0,0,0,1
3720145,1,15.0,15,1,2 éme ANNEE,1,0,0,0,0,0,0,0,0,0,0,0,0,0,0,0,0,0,0,0,0,0,0
3898205,2,15.0,15,1,2 éme ANNEE,2,0,0,0,0,0,0,0,0,0,0,0,0,0,0,0,0,0,0,0,0,0,0
5902236,3,15.0,15,3,1 ére ANNEE,0,1,0,0,0,1,1,0,0,0,0,0,0,0,0,0,0,0,0,0,0,0,1
3914046,1,17.0,17,1,2 éme ANNEE,1,0,0,0,0,0,0,0,0,0,0,0,0,0,0,0,0,0,0,0,0,0,0
3890281,2,17.0,17,2,2 éme ANNEE,1,0,0,0,0,0,0,1,0,0,0,0,0,0,0,0,0,0,0,0,0,0,1
3826460,1,15.0,15,1,2 éme ANNEE,1,0,0,0,0,0,0,0,0,0,0,0,0,0,0,0,0,0,0,0,0,0,0
3831059,1,17.0,17,1,2 éme ANNEE,1,0,0,0,0,0,0,0,0,0,0,0,0,0,0,0,0,0,0,0,0,0,0
3913555,1,15.0,15,1,2 éme ANNEE,1,0,0,0,0,0,0,0,0,0,0,0,0,0,0,0,0,0,0,0,0,0,0
4026460,2,15.0,15,2,2 éme ANNEE,1,0,0,0,0,0,0,1,0,0,0,0,0,0,0,0,0,0,0,0,0,0,1
5929133,1,15.0,15,1,2 éme ANNEE,1,0,0,0,0,0,0,0,0,0,0,0,0,0,0,0,0,0,0,0,0,0,0
3907997,2,15.0,15,2,2 éme ANNEE,1,0,0,0,0,0,0,1,0,0,0,0,0,0,0,0,0,0,0,0,0,0,1
3944893,1,15.0,15,1,2 éme ANNEE,1,0,0,0,0,0,0,0,0,0,0,0,0,0,0,0,0,0,0,0,0,0,0
3940328,2,18.5,22,2,2 éme ANNEE,1,0,0,0,0,1,0,0,0,0,0,0,0,0,0,0,0,0,0,0,0,0,1
3785749,3,15.0,15,2,2 éme ANNEE,2,0,0,0,0,0,0,1,0,0,0,0,0,0,0,0,0,0,0,0,0,0,1
5286750,2,17.0,17,2,3 ème ANNEE,1,0,0,0,0,0,0,1,0,0,0,0,0,0,0,0,0,0,0,0,0,0,1
3917309,2,15.0,15,2,2 éme ANNEE,1,0,0,0,0,0,0,1,0,0,0,0,0,0,0,0,0,0,0,0,0,0,1
4008333,1,15.0,15,1,2 éme ANNEE,1,0,0,0,0,0,0,0,0,0,0,0,0,0,0,0,0,0,0,0,0,0,0
3675102,1,17.0,17,1,2 éme ANNEE,1,0,0,0,0,0,0,0,0,0,0,0,0,0,0,0,0,0,0,0,0,0,0
3850780,1,15.0,15,1,2 éme ANNEE,1,0,0,0,0,0,0,0,0,0,0,0,0,0,0,0,0,0,0,0,0,0,0
3848013,1,15.0,15,1,2 éme ANNEE,1,0,0,0,0,0,0,0,0,0,0,0,0,0,0,0,0,0,0,0,0,0,0
3787227,1,15.0,15,1,2 éme ANNEE,1,0,0,0,0,0,0,0,0,0,0,0,0,0,0,0,0,0,0,0,0,0,0
3784162,3,15.0,15,3,2 éme ANNEE,1,0,0,0,0,0,0,1,1,0,0,0,0,0,0,0,0,0,0,0,0,0,1
9489524,1,15.0,15,1,2 éme ANNEE,1,0,0,0,0,0,0,0,0,0,0,0,0,0,0,0,0,0,0,0,0,0,0
3834965,3,15.0,15,3,2 éme ANNEE,1,0,0,0,0,0,0,1,1,0,0,0,0,0,0,0,0,0,0,0,0,0,1
4761262,1,7.0,7,1,1 ére ANNEE,0,0,0,1,0,0,0,0,0,0,0,0,0,0,0,0,0,0,0,0,0,0,2
4599454,1,15.0,15,1,1 ére ANNEE,0,0,0,1,0,0,0,0,0,0,0,0,0,0,0,0,0,0,0,0,0,0,2
5157411,1,15.0,15,1,1 ére ANNEE,0,0,0,1,0,0,0,0,0,0,0,0,0,0,0,0,0,0,0,0,0,0,2
5291820,2,23.5,32,2,1 ére ANNEE,0,0,0,1,0,0,0,0,0,1,0,0,0,0,0,0,0,0,0,0,0,0,2
4639232,1,15.0,15,1,1 ére ANNEE,0,0,0,1,0,0,0,0,0,0,0,0,0,0,0,0,0,0,0,0,0,0,2
5103553,1,17.0,17,1,1 ére ANNEE,0,0,0,1,0,0,0,0,0,0,0,0,0,0,0,0,0,0,0,0,0,0,2
5987302,1,7.0,7,1,1 ére ANNEE,0,0,0,1,0,0,0,0,0,0,0,0,0,0,0,0,0,0,0,0,0,0,2
5106186,2,15.0,15,1,1 ére ANNEE,0,0,0,2,0,0,0,0,0,0,0,0,0,0,0,0,0,0,0,0,0,0,2
4830910,1,17.0,17,1,1 ére ANNEE,0,0,0,1,0,0,0,0,0,0,0,0,0,0,0,0,0,0,0,0,0,0,2
4792948,1,15.0,15,1,1 ére ANNEE,0,0,0,1,0,0,0,0,0,0,0,0,0,0,0,0,0,0,0,0,0,0,2
4594535,3,15.0,15,2,1 ére ANNEE,0,0,0,2,0,1,0,0,0,0,0,0,0,0,0,0,0,0,0,0,0,0,1
4620053,2,15.0,15,2,1 ére ANNEE,0,0,0,1,0,1,0,0,0,0,0,0,0,0,0,0,0,0,0,0,0,0,1
5013865,1,32.0,32,1,1 ére ANNEE,0,0,0,1,0,0,0,0,0,0,0,0,0,0,0,0,0,0,0,0,0,0,2
5730343,1,15.0,15,1,1 ére ANNEE,0,0,0,1,0,0,0,0,0,0,0,0,0,0,0,0,0,0,0,0,0,0,2
4803991,1,32.0,32,1,1 ére ANNEE,0,0,0,1,0,0,0,0,0,0,0,0,0,0,0,0,0,0,0,0,0,0,2
4594767,1,32.0,32,1,1 ére ANNEE,0,0,0,1,0,0,0,0,0,0,0,0,0,0,0,0,0,0,0,0,0,0,2
4724446,2,15.0,15,2,1 ére ANNEE,0,0,0,1,0,0,1,0,0,0,0,0,0,0,0,0,0,0,0,0,0,0,2
4775952,2,15.0,15,2,1 ére ANNEE,0,0,0,1,0,1,0,0,0,0,0,0,0,0,0,0,0,0,0,0,0,0,1
5854541,1,17.0,17,1,1 ére ANNEE,0,0,0,1,0,0,0,0,0,0,0,0,0,0,0,0,0,0,0,0,0,0,2
5904893,1,17.0,17,1,1 ére ANNEE,0,0,0,1,0,0,0,0,0,0,0,0,0,0,0,0,0,0,0,0,0,0,2
4776818,2,15.0,15,2,1 ére ANNEE,0,1,0,1,0,0,0,0,0,0,0,0,0,0,0,0,0,0,0,0,0,0,2
4810546,1,15.0,15,1,1 ére ANNEE,0,0,0,1,0,0,0,0,0,0,0,0,0,0,0,0,0,0,0,0,0,0,2
6429571,2,15.0,15,1,1 ére ANNEE,0,0,0,2,0,0,0,0,0,0,0,0,0,0,0,0,0,0,0,0,0,0,2
1398293,1,17.0,17,1,2 éme ANNEE,1,0,0,0,0,0,0,0,0,0,0,0,0,0,0,0,0,0,0,0,0,0,0
4020285,1,15.0,15,1,2 éme ANNEE,1,0,0,0,0,0,0,0,0,0,0,0,0,0,0,0,0,0,0,0,0,0,0
3835154,1,15.0,15,1,2 éme ANNEE,1,0,0,0,0,0,0,0,0,0,0,0,0,0,0,0,0,0,0,0,0,0,0
3883193,2,15.0,15,2,2 éme ANNEE,1,0,0,0,0,0,0,1,0,0,0,0,0,0,0,0,0,0,0,0,0,0,1
3938888,2,15.0,15,2,2 éme ANNEE,0,0,0,0,0,0,0,1,0,0,1,0,0,0,0,0,0,0,0,0,0,0,1
3746319,1,7.0,7,1,3 ème ANNEE,0,0,0,0,0,0,0,1,0,0,0,0,0,0,0,0,0,0,0,0,0,0,0
5306241,2,15.0,15,2,1 ére ANNEE,0,0,0,1,0,0,0,0,0,1,0,0,0,0,0,0,0,0,0,0,0,0,2
11729923,3,15.0,15,2,3 ème ANNEE,0,0,0,0,0,0,1,2,0,0,0,0,0,0,0,0,0,0,0,0,0,0,1
7361389,1,10.0,10,1,4 éme ANNEE,1,0,0,0,0,0,0,0,0,0,0,0,0,0,0,0,0,0,0,0,0,0,0
3786912,1,15.0,15,1,2 éme ANNEE,0,0,0,1,0,0,0,0,0,0,0,0,0,0,0,0,0,0,0,0,0,0,2
5973082,1,15.0,15,1,1 ére ANNEE,0,0,0,1,0,0,0,0,0,0,0,0,0,0,0,0,0,0,0,0,0,0,2
4685823,1,15.0,15,1,1 ére ANNEE,0,0,0,1,0,0,0,0,0,0,0,0,0,0,0,0,0,0,0,0,0,0,2
4810284,1,15.0,15,1,1 ére ANNEE,0,0,0,1,0,0,0,0,0,0,0,0,0,0,0,0,0,0,0,0,0,0,2
4954660,2,15.0,15,2,1 ére ANNEE,0,1,0,0,0,1,0,0,0,0,0,0,0,0,0,0,0,0,0,0,0,0,1
3857844,3,17.333333333333332,22,3,2 éme ANNEE,1,0,0,0,0,1,0,1,0,0,0,0,0,0,0,0,0,0,0,0,0,0,1
3681789,2,15.0,15,1,2 éme ANNEE,0,0,0,0,0,0,0,2,0,0,0,0,0,0,0,0,0,0,0,0,0,0,1
7365427,2,10.0,10,2,4 éme ANNEE,0,0,0,0,0,1,0,0,0,0,0,0,0,0,0,0,0,1,0,0,0,0,1
24,1,15.0,15,1,Enseignant,0,0,0,0,0,1,0,0,0,0,0,0,0,0,0,0,0,0,0,0,0,0,0
3837696,2,17.0,17,2,2 éme ANNEE,0,0,0,0,0,0,1,0,1,0,0,0,0,0,0,0,0,0,0,0,0,0,1
4,3,30.0,30,2,Enseignant,0,0,0,1,0,0,0,0,2,0,0,0,0,0,0,0,0,0,0,0,0,0,1
3903332,1,17.0,17,1,2 éme ANNEE,0,0,0,0,0,0,0,0,1,0,0,0,0,0,0,0,0,0,0,0,0,0,0
3973360,1,15.0,15,1,3 ème ANNEE,0,0,0,0,0,1,0,0,0,0,0,0,0,0,0,0,0,0,0,0,0,0,0
11690992,1,15.0,15,1,3 ème ANNEE,0,0,0,0,0,1,0,0,0,0,0,0,0,0,0,0,0,0,0,0,0,0,0
en01,2,302.0,302,2,Enseignant,0,0,0,0,0,1,0,0,0,0,0,1,0,0,0,0,0,0,0,0,0,0,3
7598127,2,15.0,15,1,3 ème ANNEE,0,0,0,0,0,0,0,0,0,0,0,2,0,0,0,0,0,0,0,0,0,0,0
12024,3,16.0,16,3,Enseignant,0,0,0,0,0,1,1,0,0,0,0,1,0,0,0,0,0,0,0,0,0,0,1
2325493,1,15.0,15,1,4 éme ANNEE,0,0,0,0,0,1,0,0,0,0,0,0,0,0,0,0,0,0,0,0,0,0,0
7341025,3,17.333333333333332,22,2,4 éme ANNEE,0,0,0,0,0,2,0,0,0,0,0,1,0,0,0,0,0,0,0,0,0,0,1
3921150,1,10.0,10,1,2 éme ANNEE,0,0,0,0,0,1,0,0,0,0,0,0,0,0,0,0,0,0,0,0,0,0,0
3699470,1,17.0,17,1,2 éme ANNEE,0,0,0,0,0,1,0,0,0,0,0,0,0,0,0,0,0,0,0,0,0,0,0
3914403,1,15.0,15,1,2 éme ANNEE,0,0,0,0,0,1,0,0,0,0,0,0,0,0,0,0,0,0,0,0,0,0,0
7347085,1,15.0,15,1,4 éme ANNEE,0,0,0,0,0,0,1,0,0,0,0,0,0,0,0,0,0,0,0,0,0,0,0
8538378,1,15.0,15,1,3 ème ANNEE,0,0,0,0,0,0,1,0,0,0,0,0,0,0,0,0,0,0,0,0,0,0,0
1126720,1,15.0,15,1,3 ème ANNEE,0,0,0,0,0,0,0,0,0,0,0,1,0,0,0,0,0,0,0,0,0,0,0
4549500,1,15.0,15,1,3 ème ANNEE,0,0,0,0,0,0,1,0,0,0,0,0,0,0,0,0,0,0,0,0,0,0,0
788395,3,15.0,15,2,Enseignant,0,0,0,0,0,0,1,0,0,0,0,2,0,0,0,0,0,0,0,0,0,0,1
11782102,1,22.0,22,1,3 ème ANNEE,0,0,0,0,0,1,0,0,0,0,0,0,0,0,0,0,0,0,0,0,0,0,0
4854412,1,15.0,15,1,1 ére ANNEE,0,0,0,0,0,1,0,0,0,0,0,0,0,0,0,0,0,0,0,0,0,0,0
8088002,1,15.0,15,1,4 éme ANNEE,0,0,0,0,0,0,0,0,0,0,0,0,1,0,0,0,0,0,0,0,0,0,0
ex1,1,15.0,15,1,Employé,0,0,0,0,0,0,0,0,0,0,0,0,1,0,0,0,0,0,0,0,0,0,0
2336840,2,15.0,15,2,4 éme ANNEE,0,0,0,1,0,0,0,0,0,0,0,0,0,1,0,0,0,0,0,0,0,0,2
32,3,15.0,15,2,Enseignant,0,0,0,0,2,0,1,0,0,0,0,0,0,0,0,0,0,0,0,0,0,0,1
4599689,1,32.0,32,1,1 ére ANNEE,0,0,0,0,0,0,0,0,0,0,0,1,0,0,0,0,0,0,0,0,0,0,0
4817091,1,17.0,17,1,1 ére ANNEE,0,0,0,0,0,1,0,0,0,0,0,0,0,0,0,0,0,0,0,0,0,0,0
4668317,1,15.0,15,1,1 ére ANNEE,0,0,0,1,0,0,0,0,0,0,0,0,0,0,0,0,0,0,0,0,0,0,2
4804417,1,15.0,15,1,1 ére ANNEE,0,0,0,1,0,0,0,0,0,0,0,0,0,0,0,0,0,0,0,0,0,0,2
5116934,3,16.333333333333332,17,3,1 ére ANNEE,0,0,0,1,0,1,1,0,0,0,0,0,0,0,0,0,0,0,0,0,0,0,1
6010862,2,15.0,15,1,1 ére ANNEE,0,0,0,2,0,0,0,0,0,0,0,0,0,0,0,0,0,0,0,0,0,0,2
7370112,1,10.0,10,1,4 éme ANNEE,0,0,0,0,0,0,0,0,0,0,0,1,0,0,0,0,0,0,0,0,0,0,0
1352515,2,15.0,15,1,2 éme ANNEE,0,0,0,0,0,0,0,2,0,0,0,0,0,0,0,0,0,0,0,0,0,0,1
9549527,2,15.0,15,2,2 éme ANNEE,0,0,0,0,0,0,0,0,1,0,0,0,0,0,1,0,0,0,0,0,0,0,1
3743883,1,10.0,10,1,4 éme ANNEE,0,0,0,0,0,0,0,0,1,0,0,0,0,0,0,0,0,0,0,0,0,0,0
11885143,1,32.0,32,1,1 ére ANNEE,0,0,0,1,0,0,0,0,0,0,0,0,0,0,0,0,0,0,0,0,0,0,2
1291614,1,7.0,7,1,3 ème ANNEE,1,0,0,0,0,0,0,0,0,0,0,0,0,0,0,0,0,0,0,0,0,0,0
8499357,1,7.0,7,1,3 ème ANNEE,0,0,0,0,0,1,0,0,0,0,0,0,0,0,0,0,0,0,0,0,0,0,0
9193555,2,17.0,17,2,4 éme ANNEE,0,0,0,0,0,1,0,0,0,1,0,0,0,0,0,0,0,0,0,0,0,0,1
5338926,1,17.0,17,1,3 ème ANNEE,0,0,0,0,0,0,0,0,0,0,0,0,0,0,0,0,0,0,1,0,0,0,0
3789148,1,15.0,15,1,2 éme ANNEE,0,0,0,0,0,0,0,0,0,0,0,0,0,0,0,0,0,0,0,1,0,0,0
7355082,1,10.0,10,1,4 éme ANNEE,0,0,0,0,0,0,0,0,0,0,0,0,0,0,0,0,0,0,0,0,0,1,0
7345484,1,10.0,10,1,4 éme ANNEE,0,1,0,0,0,0,0,0,0,0,0,0,0,0,0,0,0,0,0,0,0,0,0
3776257,1,15.0,15,1,2 éme ANNEE,0,0,0,0,0,0,0,1,0,0,0,0,0,0,0,0,0,0,0,0,0,0,0
7354703,1,10.0,10,1,4 éme ANNEE,1,0,0,0,0,0,0,0,0,0,0,0,0,0,0,0,0,0,0,0,0,0,0
6908574,1,17.0,17,1,3 ème ANNEE,0,0,0,0,0,0,0,1,0,0,0,0,0,0,0,0,0,0,0,0,0,0,0
3838796,1,11.0,11,1,2 éme ANNEE,0,0,0,0,0,1,0,0,0,0,0,0,0,0,0,0,0,0,0,0,0,0,0
8,1,15.0,15,1,Employé,0,0,0,0,0,0,1,0,0,0,0,0,0,0,0,0,0,0,0,0,0,0,0
3882060,1,15.0,15,1,2 éme ANNEE,1,0,0,0,0,0,0,0,0,0,0,0,0,0,0,0,0,0,0,0,0,0,0
3,1,15.0,15,1,Enseignant,1,0,0,0,0,0,0,0,0,0,0,0,0,0,0,0,0,0,0,0,0,0,0
3800446,1,10.0,10,1,2 éme ANNEE,1,0,0,0,0,0,0,0,0,0,0,0,0,0,0,0,0,0,0,0,0,0,0
